DESEN,ÖLÇÜ,RENK,ASMA TİPİ,KAP İÇİ SET ADET
12471,84,BEYAZ,HALKALI,45
12471,84,KREM,HALKALI,75
12471,95,BEYAZ,HALKALI,53
12471,95,KREM,HALKALI,25
1268,84,BEYAZ,CEPLİ,9
1268,84,KREM,CEPLİ,4
1268,95,BEYAZ,CEPLİ,4
1268,95,KREM,CEPLİ,2
1337,84,BEYAZ,HALKALI,82
1337,84,KREM,CEPLİ,35
1337,95,BEYAZ,HALKALI,55
1337,95,KREM,CEPLİ,26
1357,84,KREM,CEPLİ,171
1357,95,KREM,CEPLİ,87
1360,84,BEYAZ,HALKALI,81
1360,84,KREM,CEPLİ,79
1360,95,BEYAZ,HALKALI,29
1360,95,KREM,CEPLİ,43
1370,84,KREM,CEPLİ,185
1370,95,KREM,CEPLİ,92
1381,84,KREM,CEPLİ,167
1381,95,KREM,CEPLİ,82
24539,84,BEYAZ,CEPLİ,63
24539,95,BEYAZ,CEPLİ,99
24562,84,BEYAZ,CEPLİ,102
24562,84,KREM,CEPLİ,98
24562,95,BEYAZ,HALKALI,48
24562,95,KREM,HALKALI,45
48060,84,BEYAZ,CEPLİ,91
48060,84,D BEYAZ,CEPLİ,92
48060,95,BEYAZ,CEPLİ,49
48060,95,D BEYAZ,CEPLİ,34
48061,84,KREM,CEPLİ,55
48061,84,KREM,HALKALI,11
48061,95,KREM,CEPLİ,51
48061,95,KREM,HALKALI,6
48065,84,BEYAZ,HALKALI,103
48065,84,KREM,HALKALI,79
48065,95,BEYAZ,HALKALI,43
48065,95,KREM,HALKALI,20
72010,84,BEYAZ,HALKALI,81
72010,84,KREM,HALKALI,93
72010,84,TURKUAZ,CEPLİ,106
72010,95,BEYAZ,HALKALI,20
72010,95,KREM,HALKALI,49
